{
  "project_info": {
    "project_number": "1057892548884",
    "project_id": "bkfire-junction-project",
    "storage_bucket": "bkfire-junction-project.appspot.com"
  },
  "client": [
    {
      "client_info": {
        "mobilesdk_app_id": "1:1057892548884:android:75bafa61cba828ada34201",
        "android_client_info": {
          "package_name": "com.example.bkfire_junction_project"
        }
      },
      "oauth_client": [
        {
          "client_id": "1057892548884-2u784ckfj85rka3be6b53q0farfjjcon.apps.googleusercontent.com",
          "client_type": 3
        }
      ],
      "api_key": [
        {
          "current_key": "AIzaSyAmfkuOCfRPHGfLX5HiVpX1GXlsSOfF0ZI"
        }
      ],
      "services": {
        "appinvite_service": {
          "other_platform_oauth_client": [
            {
              "client_id": "1057892548884-2u784ckfj85rka3be6b53q0farfjjcon.apps.googleusercontent.com",
              "client_type": 3
            }
          ]
        }
      }
    }
  ],
  "configuration_version": "1"
}